Nome,Cognome,Email,Inbox email
Gabriele,Rossi,4bachanamo@tunestan.com,https://generator.email/4bachanamo@tunestan.com
Gaetano,Ferrari,dpeng.her.797@tuyingan.co,https://generator.email/dpeng.her.797@tuyingan.co
Gaio,Russo,bchgjkj.ghjjs@stocksaa318.xyz,https://generator.email/bchgjkj.ghjjs@stocksaa318.xyz
Galeazzo,Bianchi,pdidadima9@bschost.com,https://generator.email/pdidadima9@bschost.com
Galileo,Romano,jali_akbar54127@handscuts.com,https://generator.email/jali_akbar54127@handscuts.com
Gaspar,Gallo,mkhalidlaj@roithsai.com,https://generator.email/mkhalidlaj@roithsai.com
Gastone,Costa,jabd11122l@emsinau.com,https://generator.email/jabd11122l@emsinau.com
Gennaro,Fontana,amondal.ba@litom.icu,https://generator.email/amondal.ba@litom.icu
Gerardo,Conti,jrado@azway.site,https://generator.email/jrado@azway.site
Geremia,Esposito,vayour-kotamayno@hungta2.com,https://generator.email/vayour-kotamayno@hungta2.com
Germano,Ricci,7ayoub_10_widadd@freeallapp.com,https://generator.email/7ayoub_10_widadd@freeallapp.com
Giacinto,Bruno,5n.j.a@ndptir.com,https://generator.email/5n.j.a@ndptir.com
Giacobbe,De Luca,nhussain.madrid.v@3kk43.com,https://generator.email/nhussain.madrid.v@3kk43.com
Giacomo,Moretti,amostafa.pip@kusaomachi.com,https://generator.email/amostafa.pip@kusaomachi.com
Gigi,Marino,2aven.soi@gers-phyto.com,https://generator.email/2aven.soi@gers-phyto.com
Gigino,Greco,7issa.sawafta@whymustyarz.com,https://generator.email/7issa.sawafta@whymustyarz.com
Gilberto,Barbieri,xtse.tsende.54@fibered763aa.online,https://generator.email/xtse.tsende.54@fibered763aa.online
Gildo,Lombardi,rvatsalda@pow-pows.com,https://generator.email/rvatsalda@pow-pows.com
Gioacchino,Giordano,9jer@btcmod.com,https://generator.email/9jer@btcmod.com
Giobbe,Cassano,1chiquito.1947v@tuyingan.co,https://generator.email/1chiquito.1947v@tuyingan.co
Gioberto,Colombo,traj@22jharots.com,https://generator.email/traj@22jharots.com
Giocondo,Mancini,vashqdroyaan@pow-pows.com,https://generator.email/vashqdroyaan@pow-pows.com